{"cameraMode":{"drawMode":0,"name":"Shaded","section":"Shading Mode"},"sceneLighting":false,"audioPlay":false,"sceneViewState":{"m_AlwaysRefresh":false,"showFog":true,"showSkybox":true,"showFlares":true,"showImageEffects":true,"showParticleSystems":true,"showVisualEffectGraphs":true,"m_FxEnabled":true},"in2DMode":false,"pivot":{"x":1.1699999570846558,"y":-0.24500000476837159,"z":2.3299999237060549},"rotation":{"x":0.061438899487257007,"y":-0.02694556675851345,"z":0.0016592000611126423,"w":0.9977464079856873},"size":1.039289951324463,"orthographic":true}