{"cameraMode":{"drawMode":0,"name":"Shaded","section":"Shading Mode"},"sceneLighting":false,"audioPlay":false,"sceneViewState":{"m_AlwaysRefresh":false,"showFog":true,"showSkybox":true,"showFlares":true,"showImageEffects":true,"showParticleSystems":true,"showVisualEffectGraphs":true,"m_FxEnabled":true},"in2DMode":false,"pivot":{"x":1.1699999570846558,"y":-0.19999998807907105,"z":2.3299999237060549},"rotation":{"x":0.0012548964004963637,"y":0.9985551238059998,"z":-0.046466343104839328,"w":0.026967577636241914},"size":0.8660253882408142,"orthographic":true}