{"cameraMode":{"drawMode":0,"name":"Shaded","section":"Shading Mode"},"sceneLighting":false,"audioPlay":false,"sceneViewState":{"m_AlwaysRefresh":false,"showFog":true,"showSkybox":true,"showFlares":true,"showImageEffects":true,"showParticleSystems":true,"showVisualEffectGraphs":true,"m_FxEnabled":true},"in2DMode":false,"pivot":{"x":-0.06932993233203888,"y":14.102890014648438,"z":3.57405686378479},"rotation":{"x":0.019496988505125047,"y":-0.013497024774551392,"z":0.0002632253454066813,"w":0.9997187852859497},"size":4.8820953369140629,"orthographic":true}