{"cameraMode":{"drawMode":0,"name":"Shaded","section":"Shading Mode"},"sceneLighting":false,"audioPlay":false,"sceneViewState":{"m_AlwaysRefresh":false,"showFog":true,"showSkybox":true,"showFlares":true,"showImageEffects":true,"showParticleSystems":true,"showVisualEffectGraphs":true,"m_FxEnabled":true},"in2DMode":false,"pivot":{"x":2.8612263202667238,"y":8.914268493652344,"z":4.037725448608398},"rotation":{"x":0.00899514276534319,"y":0.031492989510297778,"z":-0.0002821842208504677,"w":0.999466598033905},"size":9.086002349853516,"orthographic":false}