{"cameraMode":{"drawMode":0,"name":"Shaded","section":"Shading Mode"},"sceneLighting":false,"audioPlay":false,"sceneViewState":{"m_AlwaysRefresh":false,"showFog":true,"showSkybox":true,"showFlares":true,"showImageEffects":true,"showParticleSystems":true,"showVisualEffectGraphs":true,"m_FxEnabled":true},"in2DMode":false,"pivot":{"x":1.1833887100219727,"y":0.11880110204219818,"z":1.345677375793457},"rotation":{"x":0.022497471421957017,"y":0.007498033810406923,"z":-0.0001687343028606847,"w":0.9997192025184631},"size":3.6520957946777345,"orthographic":false}