{"cameraMode":{"drawMode":0,"name":"Shaded","section":"Shading Mode"},"sceneLighting":false,"audioPlay":false,"sceneViewState":{"m_AlwaysRefresh":false,"showFog":true,"showSkybox":true,"showFlares":true,"showImageEffects":true,"showParticleSystems":true,"showVisualEffectGraphs":true,"m_FxEnabled":true},"in2DMode":false,"pivot":{"x":-0.057673562318086627,"y":0.31776127219200137,"z":0.9800000190734863},"rotation":{"x":0.14795465767383576,"y":-0.002966949250549078,"z":0.0004442608915269375,"w":0.9889916181564331},"size":5.772227764129639,"orthographic":true}