{"cameraMode":{"drawMode":0,"name":"Shaded","section":"Shading Mode"},"sceneLighting":false,"audioPlay":false,"sceneViewState":{"m_AlwaysRefresh":false,"showFog":true,"showSkybox":true,"showFlares":true,"showImageEffects":true,"showParticleSystems":true,"showVisualEffectGraphs":true,"m_FxEnabled":true},"in2DMode":false,"pivot":{"x":1.3300000429153443,"y":-0.19099998474121095,"z":-1.4900000095367432},"rotation":{"x":0.5004458427429199,"y":0.027263304218649865,"z":-0.01576847769320011,"w":0.8651995062828064},"size":1.0198644399642945,"orthographic":false}