{"cameraMode":{"drawMode":0,"name":"Shaded","section":"Shading Mode"},"sceneLighting":false,"audioPlay":false,"sceneViewState":{"m_AlwaysRefresh":false,"showFog":true,"showSkybox":true,"showFlares":true,"showImageEffects":true,"showParticleSystems":true,"showVisualEffectGraphs":true,"m_FxEnabled":true},"in2DMode":false,"pivot":{"x":0.9264891147613525,"y":2.9901084899902345,"z":2.1797616481781008},"rotation":{"x":0.33413776755332949,"y":-0.19865675270557404,"z":0.07226788252592087,"w":0.9185160994529724},"size":1.6151354312896729,"orthographic":true}