{"cameraMode":{"drawMode":0,"name":"Shaded","section":"Shading Mode"},"sceneLighting":false,"audioPlay":false,"sceneViewState":{"m_AlwaysRefresh":false,"showFog":true,"showSkybox":true,"showFlares":true,"showImageEffects":true,"showParticleSystems":true,"showVisualEffectGraphs":true,"m_FxEnabled":true},"in2DMode":false,"pivot":{"x":0.4714847207069397,"y":2.4016737937927248,"z":3.987222194671631},"rotation":{"x":0.24574223160743714,"y":0.02907491847872734,"z":-0.007374557200819254,"w":0.9688727855682373},"size":2.4620015621185304,"orthographic":true}