{"cameraMode":{"drawMode":0,"name":"Shaded","section":"Shading Mode"},"sceneLighting":false,"audioPlay":false,"sceneViewState":{"m_AlwaysRefresh":false,"showFog":true,"showSkybox":true,"showFlares":true,"showImageEffects":true,"showParticleSystems":true,"showVisualEffectGraphs":true,"m_FxEnabled":true},"in2DMode":false,"pivot":{"x":1.1699999570846558,"y":-0.24500000476837159,"z":2.130000114440918},"rotation":{"x":0.05546973645687103,"y":-0.007488981354981661,"z":0.0004172509361524135,"w":0.9984354376792908},"size":0.8660253882408142,"orthographic":false}