{"cameraMode":{"drawMode":0,"name":"Shaded","section":"Shading Mode"},"sceneLighting":false,"audioPlay":false,"sceneViewState":{"m_AlwaysRefresh":false,"showFog":true,"showSkybox":true,"showFlares":true,"showImageEffects":true,"showParticleSystems":true,"showVisualEffectGraphs":true,"m_FxEnabled":true},"in2DMode":false,"pivot":{"x":1.6579999923706055,"y":-0.24199998378753663,"z":3.318000078201294},"rotation":{"x":0.09362912178039551,"y":-0.12362470477819443,"z":0.011717154644429684,"w":0.9878339171409607},"size":0.7071068286895752,"orthographic":true}